threshold,accuracy,precision,recall,f1,roc_auc
0.2,0.6832298136645962,0.45,0.8729096989966555,0.5938566552901023,0.8440857609099576
0.21,0.6903283052351376,0.45614035087719296,0.8695652173913043,0.5983889528193325,0.8440857609099576
0.22,0.6947648624667259,0.4597495527728086,0.8595317725752508,0.5990675990675991,0.8440857609099576
0.23,0.7009760425909495,0.4653284671532847,0.8528428093645485,0.6021251475796932,0.8440857609099576
0.24,0.7151730257320319,0.4790874524714829,0.842809364548495,0.610909090909091,0.8440857609099576
0.25,0.7187222715173026,0.48249027237354086,0.8294314381270903,0.6100861008610087,0.8440857609099576
0.26,0.7249334516415262,0.48902195608782434,0.8193979933110368,0.6125,0.8440857609099576
0.27,0.7284826974267968,0.49284253578732107,0.8060200668896321,0.6116751269035533,0.8440857609099576
0.28,0.7346938775510204,0.5,0.7993311036789298,0.6151866151866151,0.8440857609099576
0.29,0.7409050576752441,0.5074626865671642,0.7959866220735786,0.6197916666666667,0.8440857609099576
0.3,0.74622892635315,0.514161220043573,0.7892976588628763,0.6226912928759895,0.8440857609099576
0.31,0.7524401064773736,0.5223214285714286,0.782608695652174,0.6265060240963854,0.8440857609099576
0.32,0.7568766637089619,0.528344671201814,0.7792642140468228,0.6297297297297298,0.8440857609099576
0.33,0.7604259094942325,0.5336426914153132,0.7692307692307693,0.6301369863013698,0.8440857609099576
0.34,0.7613132209405501,0.5357142857142857,0.7525083612040134,0.6258692628650905,0.8440857609099576
0.35,0.7622005323868678,0.5375302663438256,0.7424749163879598,0.6235955056179776,0.8440857609099576
0.36,0.7622005323868678,0.5382716049382716,0.7290969899665551,0.6193181818181819,0.8440857609099576
0.37,0.7701863354037267,0.5515463917525774,0.7157190635451505,0.6229985443959244,0.8440857609099576
0.38,0.7772848269742679,0.5631578947368421,0.7157190635451505,0.6303387334315169,0.8440857609099576
0.39,0.7808340727595386,0.5702702702702702,0.705685618729097,0.6307922272047832,0.8440857609099576
0.4,0.7852706299911268,0.5798319327731093,0.6923076923076923,0.6310975609756099,0.8440857609099576
0.41,0.7923691215616682,0.5942028985507246,0.68561872909699,0.6366459627329193,0.8440857609099576
0.42,0.7950310559006211,0.6,0.6822742474916388,0.6384976525821596,0.8440857609099576
0.43,0.7968056787932565,0.6067073170731707,0.6655518394648829,0.6347687400318979,0.8440857609099576
0.44,0.8012422360248447,0.616822429906542,0.6622073578595318,0.6387096774193549,0.8440857609099576
0.45,0.8065661047027507,0.6293929712460063,0.6588628762541806,0.6437908496732027,0.8440857609099576
0.46,0.805678793256433,0.631578947368421,0.6421404682274248,0.6368159203980099,0.8440857609099576
0.47,0.8047914818101154,0.632996632996633,0.6287625418060201,0.6308724832214765,0.8440857609099576
0.48,0.805678793256433,0.6379310344827587,0.6187290969899666,0.6281833616298812,0.8440857609099576
0.49,0.8065661047027507,0.6451612903225806,0.6020066889632107,0.6228373702422146,0.8440857609099576
0.5,0.8065661047027507,0.6483516483516484,0.5919732441471572,0.6188811188811189,0.8440857609099576
0.51,0.8118899733806566,0.6653992395437263,0.5852842809364549,0.6227758007117438,0.8440857609099576
0.52,0.8118899733806566,0.669260700389105,0.5752508361204013,0.618705035971223,0.8440857609099576
0.53,0.8136645962732919,0.6758893280632411,0.5719063545150501,0.6195652173913043,0.8440857609099576
0.54,0.8145519077196096,0.6859504132231405,0.5551839464882943,0.6136783733826248,0.8440857609099576
0.55,0.8189884649511979,0.7056277056277056,0.5451505016722408,0.6150943396226414,0.8440857609099576
0.56,0.8181011535048802,0.7117117117117117,0.5284280936454849,0.6065259117082533,0.8440857609099576
0.57,0.8154392191659272,0.7177033492822966,0.5016722408026756,0.5905511811023622,0.8440857609099576
0.58,0.8101153504880213,0.717948717948718,0.4682274247491639,0.5668016194331984,0.8440857609099576
0.59,0.8065661047027507,0.7189189189189189,0.44481605351170567,0.5495867768595041,0.8440857609099576
0.6,0.805678793256433,0.7352941176470589,0.4180602006688963,0.5330490405117271,0.8440857609099576
0.61,0.8012422360248447,0.7300613496932515,0.3979933110367893,0.5151515151515151,0.8440857609099576
0.62,0.7994676131322094,0.7449664429530202,0.3712374581939799,0.49553571428571425,0.8440857609099576
0.63,0.7923691215616682,0.7338129496402878,0.3411371237458194,0.46575342465753417,0.8440857609099576
0.64,0.7888198757763976,0.7364341085271318,0.3177257525083612,0.44392523364485986,0.8440857609099576
0.65,0.782608695652174,0.7368421052631579,0.2809364548494983,0.4067796610169492,0.8440857609099576
0.66,0.7781721384205856,0.7333333333333333,0.25752508361204013,0.3811881188118812,0.8440857609099576
0.67,0.7781721384205856,0.7752808988764045,0.23076923076923078,0.3556701030927835,0.8440857609099576
0.68,0.771960958296362,0.7692307692307693,0.20066889632107024,0.3183023872679045,0.8440857609099576
0.69,0.7639751552795031,0.7619047619047619,0.1605351170568562,0.26519337016574585,0.8440857609099576
0.7,0.7595385980479148,0.7692307692307693,0.13377926421404682,0.22792022792022792,0.8440857609099576
0.71,0.7577639751552795,0.8095238095238095,0.11371237458193979,0.19941348973607034,0.8440857609099576
0.72,0.7586512866015972,0.8857142857142857,0.10367892976588629,0.18562874251497005,0.8440857609099576
0.73,0.7542147293700089,0.9230769230769231,0.0802675585284281,0.1476923076923077,0.8440857609099576
0.74,0.7497781721384206,0.9047619047619048,0.06354515050167224,0.11875000000000001,0.8440857609099576
0.75,0.7453416149068323,0.875,0.046822742474916385,0.08888888888888889,0.8440857609099576
0.76,0.7426796805678794,0.8461538461538461,0.03678929765886288,0.07051282051282053,0.8440857609099576
0.77,0.7391304347826086,0.8571428571428571,0.020066889632107024,0.03921568627450981,0.8440857609099576
0.78,0.738243123336291,1.0,0.013377926421404682,0.026402640264026403,0.8440857609099576
0.79,0.7346938775510204,0.0,0.0,0.0,0.8440857609099576
0.8,0.7346938775510204,0.0,0.0,0.0,0.8440857609099576
0.81,0.7346938775510204,0.0,0.0,0.0,0.8440857609099576
